Employee_ID,Full_Name,Age,Date_of_Birth,Gender,Email,Phone,Department,Job_Role,Join_Date,Salary,Employment_Status,Manager_ID,PAN_Number,Contract_Expiry
EMP0001,Employee_1,39,1985-11-24,Male,emp1@company.com,9823756669,Operations,Operations Analyst,2015-04-13,57098.0,Inactive,,ABCDE1520F,2022-03-03
EMP0002,Employee_2,54,,Female,,,,Senior Engineer,2017-08-10,,Active,,ABCDE5557F,
EMP0003,Employee_3,32,1992-03-07,Female,emp3@company.com,9847295260,Legal,Legal Analyst,2023-07-06,116506.0,On Leave,,ABCDE7224F,
EMP0004,Employee_4,38,1986-09-04,Female,,9871662963,,Tech Lead,2018-11-09,-130791.0,On Leave,,,
EMP0005,Employee_5,34,1990-04-25,Male,not_an_email,9898753260,Finance,Finance Manager,2021-06-22,-117349.0,Active,,ABCDE2654F,
EMP0006,Employee_6,45,1979-11-09,Other,emp6@company.com,9838119557,Marketing,SEO Analyst,2020-02-01,46319.0,Active,,ABCDE3803F,
EMP0007,Employee_7,51,1973-12-18,Female,emp7@company.com,9895899313,Sales,Account Manager,2016-10-31,74735.0,Active,,ABCDE1916F,
EMP0008,Employee_8,47,1977-12-11,Female,not_an_email,9886125617,HR,HR Executive,2018-07-16,-60093.0,Active,,ABCDE8517F,
EMP0009,Employee_9,37,1987-12-19,Other,emp9@company.com,9845264581,HR,Recruiter,2016-07-25,122647.0,Active,,ABCDE4593F,
EMP0010,Employee_10,25,1999-03-26,Other,emp10@company.com,9894214382,HR,HR Analyst,2016-01-08,137866.0,Active,,,
EMP0011,Employee_11,38,1986-11-24,Other,emp11@company.com,9811540956,Marketing,Brand Manager,2020-12-07,97512.0,Active,,ABCDE6573F,
EMP0012,Employee_12,11,,Other,,,,Tech Lead,2019-11-16,,Active,,ABCDE9317F,
EMP0013,Employee_13,45,1979-01-20,Male,emp13@company.com,9881182864,Sales,Account Manager,2016-09-18,124943.0,Active,,ABCDE6947F,
EMP0014,Employee_14,25,1999-02-24,Male,emp14@company.com,9820570592,Legal,Legal Manager,2017-09-07,56571.0,Active,,ABCDE9727F,
EMP0015,Employee_15,52,1972-09-28,Male,emp15@company.com,9845575298,Legal,Compliance Officer,2016-06-09,149105.0,Active,,ABCDE4295F,
EMP0016,Employee_16,45,1979-02-08,Female,emp16@company.com,9870597444,Operations,Ops Executive,2019-06-23,82422.0,Active,,,
EMP0017,Employee_17,36,1988-01-08,Male,not_an_email,9894705205,Sales,Account Manager,2021-08-07,25942.0,Active,,ABCDE2160F,
EMP0018,Employee_18,53,1971-10-16,Female,emp18@company.com,9886644106,Sales,Account Manager,2018-02-14,53080.0,Active,,ABCDE4119F,
EMP0019,Employee_19,49,1975-12-02,Other,emp19@company.com,9872682989,Engineering,Software Engineer,2022-05-23,71438.0,Active,,,
EMP0020,Employee_20,28,1996-08-05,Female,emp20@company.com,9881979055,Marketing,SEO Analyst,2023-12-24,57591.0,Active,,ABCDE2235F,
EMP0021,Employee_21,17,,Male,,,,Marketing Executive,2015-07-27,,Active,,ABCDE1960F,
EMP0022,Employee_22,46,1978-05-14,Other,emp22@company.com,9871070189,HR,HR Analyst,2015-01-09,59760.0,Active,,ABCDE8973F,
EMP0023,Employee_23,35,1989-01-24,Male,emp23@company.com,9882772208,HR,HR Manager,2018-04-30,32665.0,Active,,ABCDE9238F,
EMP0024,Employee_24,54,1970-10-03,Male,emp24@company.com,9819196777,Legal,Compliance Officer,2015-08-21,35500.0,Active,,ABCDE5033F,
EMP0025,Employee_25,27,1997-09-11,Male,emp25@company.com,9885863473,Sales,Sales Executive,2021-12-11,79948.0,On Leave,,ABCDE6147F,
EMP0026,Employee_26,30,1994-06-25,Male,emp26@company.com,9871367643,HR,Recruiter,2019-06-10,113039.0,On Leave,,ABCDE2638F,
EMP0027,Employee_27,38,1986-04-12,Female,emp27@company.com,9819233013,Engineering,Senior Engineer,2020-09-03,42361.0,Active,,ABCDE5956F,
EMP0028,Employee_28,57,1967-03-09,Male,emp28@company.com,9823903144,Sales,Sales Executive,2022-06-28,64240.0,Active,,ABCDE3546F,
EMP0029,Employee_29,35,1989-05-17,Male,emp29@company.com,9895125977,Finance,Finance Manager,2021-10-13,119058.0,Active,,,
EMP0030,Employee_30,22,2002-05-06,Other,emp30@company.com,9895511909,Marketing,SEO Analyst,2015-06-30,68719.0,Active,,ABCDE1158F,
EMP0031,Employee_31,31,1993-10-18,Male,,9859555330,,Software Engineer,2022-10-01,,Active,,,
EMP0032,Employee_32,35,1989-06-25,Female,emp32@company.com,9823796726,Finance,Financial Analyst,2019-01-05,114399.0,Active,,ABCDE3532F,
EMP0033,Employee_33,33,1991-12-11,Female,emp33@company.com,9834073380,HR,HR Manager,2023-12-21,140528.0,Inactive,,ABCDE5065F,2023-07-01
EMP0034,Employee_34,24,2000-08-12,Male,emp34@company.com,9836786211,HR,HR Executive,2019-04-16,137537.0,Active,,ABCDE4164F,
EMP0035,Employee_35,26,1998-09-13,Other,emp35@company.com,9896098221,Marketing,SEO Analyst,2018-02-15,126361.0,Active,,ABCDE1452F,
EMP0036,Employee_36,38,1986-06-24,Female,emp36@company.com,9868326160,Engineering,Tech Lead,2017-01-01,30014.0,Inactive,,ABCDE9379F,2022-08-25
EMP0037,Employee_37,24,2000-09-22,Other,emp37@company.com,9879782527,Marketing,Content Writer,2017-11-09,117901.0,Active,,ABCDE4228F,
EMP0038,Employee_38,43,1981-12-10,Other,emp38@company.com,9826726926,Finance,Auditor,2015-10-14,106678.0,Active,,ABCDE7592F,
EMP0039,Employee_39,30,1994-11-24,Other,emp39@company.com,9860888017,Operations,Ops Executive,2021-03-20,50144.0,On Leave,,ABCDE7653F,
EMP0040,Employee_40,40,1984-10-21,Female,emp40@company.com,9887844239,Sales,Sales Executive,2018-05-29,52549.0,Active,,ABCDE4501F,
EMP0041,Employee_41,32,1992-11-21,Male,not_an_email,9879182797,Sales,BDM,2023-11-26,111356.0,Active,,ABCDE4848F,
EMP0042,Employee_42,34,,Male,,,,Ops Executive,2017-07-09,,Inactive,,ABCDE4185F,2025-11-27
EMP0043,Employee_43,37,1987-02-25,Male,emp43@company.com,9810744212,Marketing,Brand Manager,2019-06-25,44342.0,Active,,ABCDE9486F,
EMP0044,Employee_44,37,1987-03-26,Other,emp44@company.com,9871265269,Marketing,Marketing Executive,2021-04-02,145254.0,Active,,ABCDE6198F,
EMP0045,Employee_45,54,1970-08-06,Female,emp45@company.com,9883534128,Legal,Paralegal,2021-11-14,80933.0,Active,,ABCDE5050F,
EMP0046,Employee_46,55,1969-08-03,Male,emp46@company.com,9846855845,Legal,Legal Manager,2023-08-03,88517.0,Active,,ABCDE6238F,
EMP0047,Employee_47,31,1993-12-07,Female,emp47@company.com,9830509175,Sales,Sales Executive,2016-07-20,55311.0,Active,,ABCDE8633F,
EMP0048,Employee_48,48,1976-12-01,Other,emp48@company.com,9888393811,Marketing,Marketing Executive,2017-04-27,76049.0,Inactive,,ABCDE1096F,2023-12-22
EMP0049,Employee_49,56,1968-04-16,Female,emp49@company.com,9890967191,Finance,Auditor,2019-09-13,122978.0,Active,,ABCDE7371F,
EMP0050,Employee_50,32,1992-10-18,Female,emp50@company.com,9827129912,Finance,Auditor,2023-02-14,135166.0,Active,,ABCDE1444F,
EMP0051,Employee_51,51,1973-06-07,Female,not_an_email,9860882459,,QA Analyst,2016-07-09,-48819.0,Active,EMP0049,ABCDE5558F,
EMP0052,Employee_52,11,,Other,,,,Paralegal,2017-10-30,,Active,EMP0003,ABCDE5051F,
EMP0053,Employee_53,31,1993-02-19,Female,emp53@company.com,9899853245,HR,HR Executive,2021-12-19,56266.0,On Leave,EMP0045,ABCDE7043F,
EMP0054,Employee_54,32,1992-05-19,Female,emp54@company.com,9813446499,HR,HR Executive,2023-09-21,65768.0,Active,EMP0026,ABCDE4249F,
EMP0055,Employee_55,41,1983-10-26,Other,emp55@company.com,9826247735,Engineering,Senior Engineer,2016-02-22,136449.0,Active,EMP0028,ABCDE2129F,
EMP0056,Employee_56,48,1976-06-21,Female,emp56@company.com,9868186525,Sales,Sales Manager,2015-02-21,132784.0,Inactive,EMP0046,ABCDE3885F,2024-12-04
EMP0057,Employee_57,56,1968-12-19,Male,emp57@company.com,9868461818,Operations,Ops Executive,2021-11-27,126533.0,Active,EMP0006,ABCDE8385F,
EMP0058,Employee_58,46,,Female,,,,HR Analyst,2021-05-23,,Active,EMP0022,ABCDE5526F,
EMP0059,Employee_59,34,1990-08-18,Other,emp59@company.com,9864549859,Sales,Sales Executive,2020-10-17,36221.0,Inactive,EMP0031,ABCDE9041F,2024-07-06
EMP0060,Employee_60,40,1984-05-22,Female,emp60@company.com,9842655866,Legal,Legal Analyst,2016-01-17,54045.0,Active,EMP0036,ABCDE7971F,
EMP0061,Employee_61,51,1973-02-24,Male,emp61@company.com,9840942292,Operations,Ops Executive,2018-12-12,60509.0,Active,EMP0048,ABCDE4033F,
EMP0062,Employee_62,52,1972-10-10,Male,emp62@company.com,9880415568,HR,HR Manager,2023-04-14,61241.0,On Leave,EMP0019,ABCDE3939F,
EMP0063,Employee_63,56,1968-09-10,Male,emp63@company.com,9817318358,Finance,Financial Analyst,2022-12-10,41591.0,Active,EMP0041,ABCDE9042F,
EMP0064,Employee_64,40,1984-03-02,Female,emp64@company.com,9855728776,Engineering,Software Engineer,2021-06-09,86524.0,Active,EMP0008,ABCDE7565F,
EMP0065,Employee_65,25,1999-05-03,Male,emp65@company.com,9885543051,Marketing,Marketing Executive,2021-06-21,44887.0,On Leave,EMP0036,ABCDE4697F,
EMP0066,Employee_66,50,1974-05-19,Other,emp66@company.com,9867556566,Legal,Paralegal,2020-01-20,63974.0,Active,EMP0048,,
EMP0067,Employee_67,35,1989-04-06,Male,emp67@company.com,9831079846,Legal,Compliance Officer,2022-01-06,59687.0,Active,EMP0001,ABCDE8699F,
EMP0068,Employee_68,40,1984-02-22,Female,emp68@company.com,9870939053,Finance,Financial Analyst,2017-08-06,117662.0,Active,EMP0041,ABCDE4241F,
EMP0069,Employee_69,36,1988-03-03,Female,emp69@company.com,9845652586,Marketing,Marketing Executive,2021-02-08,109886.0,Active,EMP0039,ABCDE5728F,
EMP0070,Employee_70,41,1983-09-18,Male,emp70@company.com,9846540265,Marketing,Marketing Executive,2020-04-03,116715.0,Active,EMP0039,,
EMP0071,Employee_71,38,1986-10-01,Other,emp71@company.com,9887201917,Marketing,SEO Analyst,2021-10-08,28390.0,On Leave,EMP0018,ABCDE3870F,
EMP0072,Employee_72,33,1991-02-16,Female,emp72@company.com,9875998319,Marketing,Brand Manager,2018-02-13,101720.0,Active,EMP0021,ABCDE3634F,
EMP0073,Employee_73,53,1971-09-02,Female,emp73@company.com,9863747791,Finance,Auditor,2022-10-12,62777.0,Active,EMP0017,ABCDE7622F,
EMP0074,Employee_74,56,1968-09-12,Female,emp74@company.com,9835176902,Legal,Legal Analyst,2022-05-17,85552.0,Active,EMP0041,ABCDE1845F,
EMP0075,Employee_75,30,1994-02-01,Other,emp75@company.com,9875056916,HR,Recruiter,2021-02-27,146591.0,On Leave,EMP0016,ABCDE6091F,
EMP0076,Employee_76,48,1976-08-04,Male,emp76@company.com,9825228493,Sales,Sales Executive,2021-03-12,37217.0,Active,EMP0032,ABCDE5781F,
EMP0077,Employee_77,52,1972-03-13,Other,emp77@company.com,9883989546,Sales,Sales Manager,2019-08-29,86894.0,Active,EMP0033,ABCDE3236F,
EMP0078,Employee_78,48,1976-05-27,Other,emp78@company.com,9878147397,Legal,Legal Analyst,2018-02-05,69548.0,Active,EMP0020,ABCDE9022F,
EMP0079,Employee_79,56,1968-09-13,Female,emp79@company.com,9884077101,Legal,Compliance Officer,2020-01-04,88483.0,Active,EMP0013,ABCDE4912F,
EMP0080,Employee_80,48,1976-12-26,Other,emp80@company.com,9873481797,Sales,BDM,2017-08-14,30720.0,Active,EMP0042,ABCDE9115F,
EMP0081,Employee_81,43,1981-02-17,Male,emp81@company.com,9869096899,Engineering,Senior Engineer,2020-08-19,138993.0,On Leave,EMP0047,ABCDE3529F,
EMP0082,Employee_82,38,1986-11-03,Other,emp82@company.com,9863349308,Engineering,QA Analyst,2023-10-07,69375.0,Inactive,EMP0035,ABCDE6188F,2025-07-07
EMP0083,Employee_83,24,2000-11-10,Other,not_an_email,9894712997,Operations,Coordinator,2021-01-25,-105931.0,On Leave,EMP0006,ABCDE2612F,
EMP0084,Employee_84,32,1992-01-11,Female,emp84@company.com,9813885234,Legal,Legal Analyst,2019-12-23,115964.0,Inactive,EMP0023,ABCDE3385F,2023-05-16
EMP0085,Employee_85,33,1991-07-20,Female,emp85@company.com,9891804602,Sales,BDM,2021-05-07,47280.0,Active,EMP0038,ABCDE8555F,
EMP0086,Employee_86,11,,Female,,,,Ops Executive,2020-02-26,,Active,EMP0023,ABCDE5901F,
EMP0087,Employee_87,38,1986-07-28,Male,emp87@company.com,9836738452,Operations,Coordinator,2022-09-28,84878.0,Active,EMP0025,ABCDE5847F,
EMP0088,Employee_88,14,,Male,,,,Ops Executive,2015-03-31,,Active,EMP0039,ABCDE4588F,
EMP0089,Employee_89,38,1986-11-27,Male,emp89@company.com,9898473848,Operations,Process Manager,2021-12-18,113835.0,Active,EMP0041,ABCDE6061F,
EMP0090,Employee_90,45,1979-06-24,Male,emp90@company.com,9849609054,Legal,Paralegal,2015-05-17,120991.0,Active,EMP0009,ABCDE6994F,
EMP0091,Employee_91,38,1986-05-24,Male,emp91@company.com,9874672520,Sales,Sales Manager,2016-11-04,144806.0,Inactive,EMP0030,ABCDE3306F,2023-04-08
EMP0092,Employee_92,45,1979-05-18,Female,emp92@company.com,9811868130,Legal,Paralegal,2021-04-01,36836.0,Active,EMP0044,ABCDE5295F,
EMP0093,Employee_93,45,1979-01-20,Other,emp93@company.com,9873280554,Sales,BDM,2022-02-28,39201.0,Inactive,EMP0021,ABCDE4626F,2025-08-19
EMP0094,Employee_94,41,1983-01-02,Female,emp94@company.com,9828760553,Engineering,QA Analyst,2022-11-11,110097.0,Active,EMP0008,,
EMP0095,Employee_95,51,1973-07-19,Male,emp95@company.com,9882503409,Sales,Account Manager,2019-05-11,73629.0,Active,EMP0027,ABCDE9017F,
EMP0096,Employee_96,24,2000-08-08,Male,emp96@company.com,9869509870,Sales,BDM,2018-02-19,115476.0,Inactive,EMP0044,ABCDE6876F,2022-05-05
EMP0097,Employee_97,29,1995-02-22,Other,emp97@company.com,9871031132,Marketing,SEO Analyst,2017-02-16,149388.0,Active,EMP0039,ABCDE1828F,
EMP0098,Employee_98,30,1994-09-07,Male,emp98@company.com,9819208698,Legal,Legal Manager,2017-09-24,128150.0,Active,EMP0022,ABCDE1046F,
EMP0099,Employee_99,56,1968-11-28,Male,emp99@company.com,9824754064,Finance,Accountant,2016-06-16,57853.0,Active,EMP0023,ABCDE4898F,
EMP0100,Employee_100,33,1991-09-04,Female,not_an_email,9866500369,,Sales Manager,2015-03-06,-59782.0,Active,EMP0029,ABCDE9408F,
EMP0101,Employee_101,54,1970-12-26,Other,emp101@company.com,9815820356,Sales,Sales Executive,2020-01-26,54038.0,On Leave,EMP0034,ABCDE1510F,
EMP0102,Employee_102,49,1975-02-03,Male,emp102@company.com,9869533928,Engineering,QA Analyst,2019-07-04,114928.0,Active,EMP0005,ABCDE9984F,
EMP0103,Employee_103,55,1969-07-04,Male,emp103@company.com,9891259008,Operations,Ops Executive,2019-04-10,63652.0,Inactive,EMP0042,ABCDE4522F,2024-05-30
EMP0104,Employee_104,43,1981-12-04,Female,emp104@company.com,9865833185,Marketing,Content Writer,2019-08-22,133451.0,Active,EMP0043,ABCDE3500F,
EMP0105,Employee_105,27,1997-02-24,Male,not_an_email,9867965485,Operations,Coordinator,2015-10-02,134022.0,Active,EMP0036,,
EMP0106,Employee_106,29,1995-07-28,Male,emp106@company.com,9899300492,Sales,Sales Manager,2022-07-07,78845.0,On Leave,EMP0019,ABCDE6761F,
EMP0107,Employee_107,52,1972-09-12,Female,emp107@company.com,9856991504,Engineering,Senior Engineer,2016-09-25,54392.0,Active,EMP0037,ABCDE8030F,
EMP0108,Employee_108,39,1985-06-12,Male,emp108@company.com,9851471222,Legal,Legal Analyst,2021-10-30,28794.0,Active,EMP0037,ABCDE2140F,
EMP0109,Employee_109,55,1969-06-06,Other,emp109@company.com,9870887307,HR,HR Executive,2016-01-11,53197.0,Active,EMP0021,ABCDE2391F,
EMP0110,Employee_110,25,1999-11-14,Female,not_an_email,9869473616,Engineering,Senior Engineer,2016-10-06,113338.0,Active,EMP0027,ABCDE9394F,
EMP0111,Employee_111,29,1995-08-17,Male,emp111@company.com,9889609131,Engineering,Tech Lead,2019-10-27,62125.0,Active,EMP0015,ABCDE1897F,
EMP0112,Employee_112,35,1989-05-11,Female,emp112@company.com,9844295247,Engineering,Senior Engineer,2018-05-19,125578.0,Active,EMP0048,ABCDE3116F,
EMP0113,Employee_113,57,1967-02-13,Male,emp113@company.com,9857535513,Marketing,Content Writer,2020-08-11,134229.0,Inactive,EMP0028,,2022-06-09
EMP0114,Employee_114,49,1975-07-10,Male,emp114@company.com,9895918360,Legal,Legal Manager,2021-06-16,100156.0,Active,EMP0021,ABCDE8538F,
EMP0115,Employee_115,49,1975-10-13,Female,emp115@company.com,9868475513,Legal,Legal Manager,2015-12-27,135688.0,Active,EMP0020,ABCDE4630F,
EMP0116,Employee_116,54,1970-04-25,Other,emp116@company.com,9878444607,Finance,Accountant,2015-11-09,107998.0,Active,EMP0042,ABCDE4871F,
EMP0117,Employee_117,34,1990-02-06,Other,emp117@company.com,9897980930,Engineering,Senior Engineer,2017-11-14,47740.0,On Leave,EMP0032,ABCDE8354F,
EMP0118,Employee_118,42,1982-08-21,Female,emp118@company.com,9872937522,Operations,Ops Executive,2022-01-13,44786.0,Active,EMP0038,,
EMP0119,Employee_119,51,1973-05-03,Male,,9859491122,,Sales Executive,2018-06-25,,Active,EMP0040,ABCDE7299F,
EMP0120,Employee_120,58,1966-08-17,Male,emp120@company.com,9891202508,Marketing,Marketing Executive,2020-01-17,110437.0,Active,EMP0029,ABCDE6626F,
EMP0121,Employee_121,33,1991-08-17,Male,emp121@company.com,9868754920,Operations,Operations Analyst,2020-08-28,30130.0,Active,EMP0024,ABCDE5634F,
EMP0122,Employee_122,43,1981-11-11,Male,emp122@company.com,9894676162,Marketing,Brand Manager,2023-09-08,113984.0,Active,EMP0036,ABCDE5655F,
EMP0123,Employee_123,27,1997-05-21,Female,emp123@company.com,9856952151,Finance,Accountant,2018-09-27,101380.0,Active,EMP0009,ABCDE2388F,
EMP0124,Employee_124,43,1981-02-21,Other,emp124@company.com,9880651318,Finance,Auditor,2022-03-20,131585.0,Active,EMP0024,,
EMP0125,Employee_125,43,1981-04-05,Female,emp125@company.com,9835770506,Finance,Accountant,2017-05-27,149212.0,Active,EMP0007,ABCDE9843F,
EMP0126,Employee_126,43,1981-10-13,Male,emp126@company.com,9827589104,Legal,Legal Analyst,2022-06-04,139870.0,Active,EMP0045,ABCDE3712F,
EMP0127,Employee_127,48,1976-08-20,Other,emp127@company.com,9841880763,Operations,Coordinator,2015-06-28,72749.0,Active,EMP0029,ABCDE4918F,
EMP0128,Employee_128,45,1979-08-25,Female,emp128@company.com,9869135982,Finance,Auditor,2017-03-05,113907.0,Active,EMP0033,ABCDE3655F,
EMP0129,Employee_129,30,1994-08-28,Male,emp129@company.com,9896057593,Legal,Compliance Officer,2023-12-26,139426.0,Active,EMP0046,ABCDE3042F,
EMP0130,Employee_130,32,1992-03-27,Male,emp130@company.com,9878901038,Finance,Financial Analyst,2023-07-23,60755.0,Active,EMP0029,ABCDE1436F,
EMP0131,Employee_131,54,1970-06-08,Male,emp131@company.com,9820952896,Marketing,Marketing Executive,2019-06-12,74015.0,Active,EMP0046,ABCDE3392F,
EMP0132,Employee_132,52,1972-08-20,Male,emp132@company.com,9872962895,HR,HR Executive,2018-03-21,116235.0,Active,EMP0002,ABCDE3449F,
EMP0133,Employee_133,40,1984-04-14,Other,emp133@company.com,9816408822,Sales,BDM,2016-03-31,56147.0,Active,EMP0030,,
EMP0134,Employee_134,56,1968-04-23,Female,emp134@company.com,9887181563,Legal,Paralegal,2021-09-10,27154.0,Active,EMP0001,ABCDE4941F,
EMP0135,Employee_135,27,1997-09-18,Other,emp135@company.com,9819083764,Sales,BDM,2017-02-06,93614.0,Active,EMP0036,,
EMP0136,Employee_136,46,1978-06-26,Male,emp136@company.com,9812179995,Legal,Paralegal,2015-06-28,73929.0,Active,EMP0047,ABCDE2698F,
EMP0137,Employee_137,24,2000-03-27,Female,emp137@company.com,9896274567,Legal,Legal Manager,2016-06-30,71176.0,Inactive,EMP0045,ABCDE3986F,2022-10-04
EMP0138,Employee_138,40,1984-01-11,Other,,9836772387,,QA Analyst,2015-06-01,-51422.0,On Leave,EMP0026,ABCDE9897F,
EMP0139,Employee_139,34,1990-11-11,Female,emp139@company.com,9816416148,Marketing,SEO Analyst,2015-05-30,62501.0,Active,EMP0028,ABCDE8204F,
EMP0140,Employee_140,53,1971-05-26,Female,emp140@company.com,9879696025,Marketing,SEO Analyst,2017-02-04,115710.0,Active,EMP0006,ABCDE3956F,
EMP0141,Employee_141,28,1996-05-15,Female,emp141@company.com,9849680122,Sales,Sales Manager,2018-08-08,35494.0,Active,EMP0011,ABCDE6759F,
EMP0142,Employee_142,44,1980-11-26,Male,emp142@company.com,9846850196,Marketing,Marketing Executive,2023-02-25,105589.0,On Leave,EMP0043,ABCDE6952F,
EMP0143,Employee_143,31,1993-01-05,Other,emp143@company.com,9868810561,Sales,Account Manager,2015-05-08,136236.0,Active,EMP0024,ABCDE1530F,
EMP0144,Employee_144,50,1974-02-19,Female,emp144@company.com,9869584522,Sales,Account Manager,2022-08-13,149364.0,Active,EMP0026,ABCDE5566F,
EMP0145,Employee_145,33,1991-02-09,Other,emp145@company.com,9885386435,HR,HR Executive,2015-04-17,90410.0,Inactive,EMP0029,ABCDE5678F,2025-11-22
EMP0146,Employee_146,30,1994-12-15,Other,not_an_email,9833173544,Marketing,Content Writer,2016-05-17,136781.0,On Leave,EMP0021,ABCDE2063F,
EMP0147,Employee_147,32,1992-03-26,Male,emp147@company.com,9895590648,Sales,Sales Manager,2018-05-13,118298.0,Active,EMP0008,ABCDE3275F,
EMP0148,Employee_148,45,1979-09-05,Male,emp148@company.com,9872734149,HR,HR Analyst,2015-04-18,97616.0,Active,EMP0005,ABCDE8842F,
EMP0149,Employee_149,48,1976-06-21,Female,emp149@company.com,9826821075,Sales,BDM,2023-08-17,132916.0,Active,EMP0044,ABCDE3102F,
EMP0150,Employee_150,30,1994-02-17,Male,emp150@company.com,9817437386,Legal,Compliance Officer,2023-08-11,81704.0,Active,EMP0011,ABCDE4694F,
EMP0151,Employee_151,38,1986-05-05,Other,emp151@company.com,9883932683,Finance,Finance Manager,2015-11-20,50729.0,Active,EMP0035,,
EMP0152,Employee_152,31,1993-06-27,Male,emp152@company.com,9891220369,Operations,Process Manager,2021-08-21,47439.0,On Leave,EMP0002,,
EMP0153,Employee_153,35,1989-11-01,Other,emp153@company.com,9892961108,Operations,Ops Executive,2022-04-21,125526.0,Active,EMP0035,ABCDE5949F,
EMP0154,Employee_154,47,1977-03-15,Female,emp154@company.com,9818041391,Marketing,Content Writer,2022-09-06,63985.0,Active,EMP0014,ABCDE3353F,
EMP0155,Employee_155,44,1980-09-18,Male,emp155@company.com,9859733063,Finance,Finance Manager,2023-03-27,77260.0,Active,EMP0030,ABCDE8366F,
EMP0156,Employee_156,25,1999-07-08,Male,emp156@company.com,9892594562,HR,HR Manager,2016-02-01,63038.0,On Leave,EMP0021,ABCDE6123F,
EMP0157,Employee_157,54,1970-08-01,Female,emp157@company.com,9851411602,HR,HR Manager,2020-08-02,86186.0,Active,EMP0033,ABCDE4944F,
EMP0158,Employee_158,25,1999-11-16,Male,emp158@company.com,9897813295,HR,Recruiter,2015-07-19,61877.0,Active,EMP0007,ABCDE5333F,
EMP0159,Employee_159,47,1977-10-18,Other,,9816866268,,Ops Executive,2023-07-26,-72964.0,Active,EMP0019,,
EMP0160,Employee_160,57,1967-11-20,Male,emp160@company.com,9893650068,Sales,BDM,2023-07-28,61663.0,Active,EMP0026,ABCDE6555F,
EMP0161,Employee_161,31,1993-09-02,Male,emp161@company.com,9863873262,Sales,Sales Manager,2023-06-20,51090.0,Active,EMP0046,ABCDE8761F,
EMP0162,Employee_162,54,1970-06-06,Other,emp162@company.com,9892284610,Sales,BDM,2016-09-02,43321.0,Active,EMP0048,ABCDE6511F,
EMP0163,Employee_163,58,1966-06-11,Female,emp163@company.com,9812232974,Sales,BDM,2022-12-12,64294.0,Active,EMP0038,ABCDE1436F,
EMP0164,Employee_164,58,1966-08-06,Other,emp164@company.com,9888319168,Sales,BDM,2017-12-23,54824.0,Active,EMP0040,ABCDE7229F,
EMP0165,Employee_165,58,1966-01-15,Male,emp165@company.com,9835606639,HR,HR Manager,2015-05-10,149283.0,Active,EMP0027,ABCDE7723F,
EMP0166,Employee_166,25,1999-09-11,Female,emp166@company.com,9837828932,Sales,BDM,2023-04-02,117507.0,On Leave,EMP0034,ABCDE3837F,
EMP0167,Employee_167,44,1980-12-09,Male,emp167@company.com,9896343485,Marketing,SEO Analyst,2021-02-15,113587.0,Active,EMP0016,ABCDE5890F,
EMP0168,Employee_168,40,1984-06-16,Other,emp168@company.com,9875632882,HR,Recruiter,2023-08-25,117392.0,Active,EMP0018,ABCDE9899F,
EMP0169,Employee_169,31,1993-06-15,Other,,9820607151,,Brand Manager,2018-11-14,-63070.0,Active,EMP0031,ABCDE9824F,
EMP0170,Employee_170,28,1996-04-02,Other,emp170@company.com,9842115895,Finance,Finance Manager,2016-07-16,105698.0,Active,EMP0015,ABCDE1860F,
EMP0171,Employee_171,52,1972-01-18,Male,emp171@company.com,9828450513,Engineering,QA Analyst,2018-09-14,38178.0,On Leave,EMP0027,ABCDE8793F,
EMP0172,Employee_172,40,1984-02-21,Other,emp172@company.com,9817940667,Marketing,Content Writer,2023-06-24,67096.0,Active,EMP0048,ABCDE1611F,
EMP0173,Employee_173,24,2000-03-24,Female,emp173@company.com,9876489301,HR,HR Analyst,2016-12-21,134602.0,On Leave,EMP0003,,
EMP0174,Employee_174,40,1984-09-16,Male,emp174@company.com,9882920556,Sales,Sales Executive,2018-10-04,84552.0,Inactive,EMP0033,ABCDE4159F,2022-08-19
EMP0175,Employee_175,51,1973-01-24,Female,emp175@company.com,9834991216,Finance,Accountant,2023-03-14,109972.0,Active,EMP0037,ABCDE4164F,
EMP0176,Employee_176,54,1970-02-06,Female,not_an_email,9899826000,HR,HR Analyst,2019-10-18,67982.0,On Leave,EMP0021,ABCDE1111F,
EMP0177,Employee_177,50,1974-05-19,Male,emp177@company.com,9854241559,Finance,Auditor,2017-08-22,123796.0,Active,EMP0017,ABCDE4871F,
EMP0178,Employee_178,41,1983-12-25,Male,emp178@company.com,9877447155,Engineering,Software Engineer,2020-03-21,45934.0,Active,EMP0041,ABCDE5833F,
EMP0179,Employee_179,30,1994-06-14,Female,emp179@company.com,9891300905,Finance,Accountant,2017-06-16,87676.0,Active,EMP0049,ABCDE4578F,
EMP0180,Employee_180,27,1997-02-19,Other,emp180@company.com,9858557943,Legal,Compliance Officer,2022-08-18,93879.0,Active,EMP0033,ABCDE9792F,
EMP0181,Employee_181,55,1969-12-19,Other,emp181@company.com,9837568520,HR,HR Manager,2018-09-05,82912.0,Active,EMP0029,ABCDE8429F,
EMP0182,Employee_182,58,1966-12-01,Male,emp182@company.com,9851361818,HR,HR Analyst,2020-02-15,32567.0,Active,EMP0048,ABCDE2196F,
EMP0183,Employee_183,26,1998-08-02,Male,emp183@company.com,9819263592,Engineering,QA Analyst,2018-11-12,95931.0,Active,EMP0050,ABCDE7887F,
EMP0184,Employee_184,46,1978-09-05,Female,not_an_email,9898824290,Finance,Auditor,2020-01-12,74236.0,Active,EMP0008,ABCDE9802F,
EMP0185,Employee_185,16,,Other,,,,Content Writer,2023-03-01,,Active,EMP0025,ABCDE5055F,
EMP0186,Employee_186,39,1985-01-26,Other,emp186@company.com,9825145751,Marketing,SEO Analyst,2016-09-27,49704.0,Active,EMP0050,ABCDE1256F,
EMP0187,Employee_187,28,1996-11-23,Male,,9890233330,,HR Manager,2015-10-03,,Inactive,EMP0048,,2024-06-17
EMP0188,Employee_188,25,1999-04-27,Other,emp188@company.com,9848824283,HR,HR Manager,2023-06-17,43367.0,On Leave,EMP0021,ABCDE6253F,
EMP0189,Employee_189,55,1969-01-18,Other,emp189@company.com,9846930534,HR,Recruiter,2016-08-09,53972.0,On Leave,EMP0012,ABCDE7999F,
EMP0190,Employee_190,44,1980-09-11,Female,emp190@company.com,9861157708,Sales,BDM,2015-07-12,148415.0,Active,EMP0010,ABCDE4012F,
EMP0191,Employee_191,36,1988-08-02,Female,emp191@company.com,9829374563,Legal,Paralegal,2017-09-14,64418.0,Active,EMP0036,ABCDE7363F,
EMP0192,Employee_192,43,1981-06-03,Male,not_an_email,9870369365,HR,Recruiter,2017-04-12,109765.0,Active,EMP0004,ABCDE1647F,
EMP0193,Employee_193,57,1967-05-01,Male,emp193@company.com,9854689713,Legal,Legal Analyst,2017-02-09,53444.0,Active,EMP0048,ABCDE8846F,
EMP0194,Employee_194,37,1987-07-15,Female,emp194@company.com,9847991562,HR,HR Manager,2019-06-13,97362.0,Active,EMP0020,ABCDE9401F,
EMP0195,Employee_195,52,1972-06-11,Other,emp195@company.com,9837263310,Marketing,Brand Manager,2016-02-08,124828.0,Active,EMP0015,ABCDE1265F,
EMP0196,Employee_196,31,1993-10-27,Other,emp196@company.com,9860981231,Finance,Auditor,2018-04-24,50715.0,Active,EMP0042,ABCDE6530F,
EMP0197,Employee_197,53,1971-03-05,Female,emp197@company.com,9857268285,Finance,Auditor,2023-02-11,85401.0,Active,EMP0012,ABCDE9882F,
EMP0198,Employee_198,24,2000-01-25,Male,emp198@company.com,9899686372,Operations,Operations Analyst,2020-11-16,134978.0,Active,EMP0041,ABCDE3474F,
EMP0199,Employee_199,51,1973-11-20,Other,not_an_email,9895594482,Engineering,Senior Engineer,2020-09-02,-73916.0,On Leave,EMP0032,,
EMP0200,Employee_200,23,2001-05-01,Other,emp200@company.com,9881905550,Sales,BDM,2015-02-18,94391.0,Active,EMP0044,ABCDE3937F,
EMP0201,Employee_201,31,1993-05-27,Female,emp201@company.com,9880659726,Engineering,Software Engineer,2020-11-17,56584.0,Active,EMP0006,ABCDE7652F,
EMP0202,Employee_202,36,1988-11-28,Male,emp202@company.com,9820820219,Marketing,Content Writer,2022-10-26,64318.0,Active,EMP0006,ABCDE7179F,
EMP0203,Employee_203,22,2002-07-21,Other,emp203@company.com,9877089857,Sales,BDM,2015-08-18,117123.0,Inactive,EMP0007,ABCDE1697F,2023-04-16
EMP0204,Employee_204,24,2000-09-19,Male,not_an_email,9847631028,HR,HR Analyst,2018-01-15,146131.0,Active,EMP0021,,
EMP0205,Employee_205,47,1977-10-08,Female,not_an_email,9831803703,HR,HR Manager,2023-06-09,146749.0,Active,EMP0044,ABCDE6435F,
EMP0206,Employee_206,27,1997-01-04,Male,emp206@company.com,9856420476,Marketing,Content Writer,2023-11-12,90639.0,Active,EMP0022,ABCDE7499F,
EMP0207,Employee_207,39,1985-04-12,Female,emp207@company.com,9875847681,Legal,Legal Manager,2015-05-02,127701.0,Active,EMP0028,ABCDE7227F,
EMP0208,Employee_208,37,1987-03-13,Other,not_an_email,9845966597,Engineering,Tech Lead,2023-12-13,118468.0,Active,EMP0010,ABCDE6188F,
EMP0209,Employee_209,22,2002-05-04,Male,emp209@company.com,9858307308,Finance,Financial Analyst,2016-01-10,148595.0,Active,EMP0028,ABCDE9395F,
EMP0210,Employee_210,27,1997-10-26,Female,emp210@company.com,9890117857,Marketing,Marketing Executive,2015-04-18,71388.0,Active,EMP0001,ABCDE7353F,
EMP0211,Employee_211,57,1967-10-17,Female,emp211@company.com,9842580349,Legal,Legal Analyst,2023-02-16,143647.0,Active,EMP0011,ABCDE5933F,
EMP0212,Employee_212,26,1998-05-16,Female,emp212@company.com,9866519399,Finance,Auditor,2016-08-20,46916.0,Inactive,EMP0017,ABCDE9123F,2025-05-01
EMP0213,Employee_213,28,1996-06-27,Female,emp213@company.com,9863108878,Sales,Account Manager,2020-02-19,42758.0,Active,EMP0029,ABCDE3230F,
EMP0214,Employee_214,34,1990-06-10,Other,emp214@company.com,9863450811,Finance,Finance Manager,2021-10-06,87784.0,Active,EMP0032,ABCDE4971F,
EMP0215,Employee_215,47,1977-04-19,Male,emp215@company.com,9885678734,Finance,Auditor,2018-02-22,72843.0,On Leave,EMP0044,ABCDE1440F,
EMP0216,Employee_216,35,1989-07-22,Other,emp216@company.com,9819282319,Operations,Coordinator,2022-12-11,82469.0,Active,EMP0020,ABCDE3525F,
EMP0217,Employee_217,46,1978-08-19,Other,emp217@company.com,9890253323,Operations,Coordinator,2023-11-07,34694.0,Active,EMP0045,ABCDE1602F,
EMP0218,Employee_218,56,1968-02-25,Other,emp218@company.com,9821406082,Legal,Legal Manager,2022-11-13,102833.0,Active,EMP0023,ABCDE1725F,
EMP0219,Employee_219,43,1981-02-09,Other,emp219@company.com,9811415698,Sales,BDM,2023-06-10,129363.0,Active,EMP0034,ABCDE4621F,
EMP0220,Employee_220,51,1973-03-12,Female,emp220@company.com,9877171380,Marketing,SEO Analyst,2019-05-22,126232.0,On Leave,EMP0007,ABCDE2406F,
EMP0221,Employee_221,41,1983-09-16,Male,emp221@company.com,9837765262,Engineering,Senior Engineer,2018-11-27,69966.0,Active,EMP0029,ABCDE8412F,
EMP0222,Employee_222,24,2000-06-21,Male,emp222@company.com,9813031322,Finance,Financial Analyst,2018-05-14,131192.0,Active,EMP0048,ABCDE3858F,
EMP0223,Employee_223,57,1967-07-21,Other,emp223@company.com,9841119124,Sales,Account Manager,2018-09-17,80885.0,Active,EMP0043,ABCDE1478F,
EMP0224,Employee_224,11,,Other,,,,Process Manager,2020-01-16,,Inactive,EMP0007,ABCDE9796F,2023-01-18
EMP0225,Employee_225,51,1973-09-21,Female,emp225@company.com,9875697427,Finance,Finance Manager,2017-03-18,39936.0,Active,EMP0040,ABCDE2871F,
EMP0226,Employee_226,33,1991-10-19,Male,emp226@company.com,9849922369,Finance,Finance Manager,2020-02-19,131658.0,Active,EMP0021,ABCDE6003F,
EMP0227,Employee_227,31,1993-03-19,Male,emp227@company.com,9890050918,Engineering,Senior Engineer,2019-03-10,91954.0,Active,EMP0032,ABCDE3838F,
EMP0228,Employee_228,40,1984-10-02,Male,emp228@company.com,9870532325,Sales,Account Manager,2020-06-28,43388.0,Inactive,EMP0032,ABCDE7290F,2025-02-24
EMP0229,Employee_229,53,1971-08-06,Male,emp229@company.com,9869572772,Sales,BDM,2019-08-03,79477.0,Active,EMP0049,ABCDE1535F,
EMP0230,Employee_230,40,1984-12-25,Other,emp230@company.com,9885920319,Finance,Accountant,2021-01-11,47047.0,Inactive,EMP0033,ABCDE2871F,2023-07-03
EMP0231,Employee_231,24,2000-04-14,Other,emp231@company.com,9883330295,Legal,Legal Manager,2021-01-29,124615.0,Active,EMP0049,ABCDE1528F,
EMP0232,Employee_232,27,1997-04-07,Other,emp232@company.com,9825755285,Marketing,SEO Analyst,2018-11-28,82549.0,Inactive,EMP0045,ABCDE8015F,2022-12-06
EMP0233,Employee_233,35,1989-10-12,Other,emp233@company.com,9817966873,Sales,Account Manager,2023-10-20,131630.0,Active,EMP0035,ABCDE5794F,
EMP0234,Employee_234,28,1996-01-09,Male,emp234@company.com,9865243509,Finance,Finance Manager,2020-10-08,42771.0,Inactive,EMP0045,ABCDE5090F,2022-10-27
EMP0235,Employee_235,47,1977-05-21,Female,emp235@company.com,9894879557,Operations,Ops Executive,2017-10-10,89154.0,Active,EMP0005,ABCDE2525F,
EMP0236,Employee_236,45,1979-10-01,Other,emp236@company.com,9853928023,Marketing,SEO Analyst,2022-10-16,84597.0,Inactive,EMP0006,ABCDE8511F,2025-07-24
EMP0237,Employee_237,56,1968-04-16,Female,emp237@company.com,9867665720,Operations,Ops Executive,2015-09-17,77129.0,Active,EMP0022,ABCDE3139F,
EMP0238,Employee_238,43,1981-01-04,Female,emp238@company.com,9816497381,Sales,BDM,2023-11-03,142198.0,Active,EMP0002,ABCDE3588F,
EMP0239,Employee_239,49,1975-11-10,Female,emp239@company.com,9827705074,Marketing,Brand Manager,2015-01-03,51518.0,Active,EMP0006,ABCDE5102F,
EMP0240,Employee_240,32,1992-12-23,Female,emp240@company.com,9851004756,Engineering,Tech Lead,2022-06-14,31787.0,Inactive,EMP0042,,2022-07-14
EMP0241,Employee_241,26,1998-11-15,Other,emp241@company.com,9879718627,Engineering,Senior Engineer,2020-05-07,42393.0,Active,EMP0022,ABCDE7919F,
EMP0242,Employee_242,26,1998-02-11,Female,emp242@company.com,9823747542,Operations,Process Manager,2020-05-10,55008.0,Active,EMP0009,ABCDE3181F,
EMP0243,Employee_243,13,,Other,,,,Process Manager,2015-10-08,,Active,EMP0048,ABCDE7745F,
EMP0244,Employee_244,27,1997-10-24,Female,emp244@company.com,9826529882,Sales,BDM,2017-06-08,142518.0,Active,EMP0021,ABCDE5059F,
EMP0245,Employee_245,57,1967-05-25,Male,emp245@company.com,9891549765,Finance,Financial Analyst,2017-10-13,103774.0,On Leave,EMP0043,ABCDE4366F,
EMP0246,Employee_246,47,1977-08-13,Female,emp246@company.com,9842123815,Sales,Account Manager,2023-05-22,63737.0,Active,EMP0041,ABCDE9655F,
EMP0247,Employee_247,30,1994-07-12,Male,emp247@company.com,9886286724,Engineering,Tech Lead,2018-07-20,75703.0,Active,EMP0049,ABCDE2195F,
EMP0248,Employee_248,38,1986-07-17,Other,,9818115992,,Software Engineer,2015-02-26,,Active,EMP0033,ABCDE7939F,
EMP0249,Employee_249,56,1968-02-10,Male,emp249@company.com,9847241089,Operations,Coordinator,2015-12-04,95471.0,Active,EMP0010,ABCDE7401F,
EMP0250,Employee_250,49,1975-01-08,Female,emp250@company.com,9842029368,Sales,Sales Executive,2018-06-24,120677.0,Active,EMP0008,ABCDE1901F,
EMP0251,Employee_251,22,2002-03-16,Other,emp251@company.com,9811523452,Finance,Accountant,2016-05-04,117785.0,On Leave,EMP0034,ABCDE5247F,
EMP0252,Employee_252,39,1985-06-26,Other,emp252@company.com,9813940129,HR,Recruiter,2016-06-03,121067.0,Active,EMP0005,ABCDE2262F,
EMP0253,Employee_253,45,1979-03-12,Male,emp253@company.com,9886086168,Marketing,Brand Manager,2020-09-23,32266.0,Active,EMP0037,ABCDE2889F,
EMP0254,Employee_254,22,2002-07-05,Male,,9858852098,,HR Executive,2015-06-30,-57053.0,Active,EMP0036,ABCDE7870F,
EMP0255,Employee_255,48,1976-02-19,Other,emp255@company.com,9846407626,HR,Recruiter,2017-10-13,145042.0,Active,EMP0044,ABCDE3938F,
EMP0256,Employee_256,26,1998-05-11,Female,emp256@company.com,9847890586,HR,HR Executive,2019-07-01,139948.0,Active,EMP0001,ABCDE5777F,
EMP0257,Employee_257,37,1987-04-24,Male,emp257@company.com,9876217748,Sales,Sales Manager,2023-04-18,85807.0,On Leave,EMP0010,,
EMP0258,Employee_258,56,1968-06-01,Female,emp258@company.com,9811287794,Marketing,Marketing Executive,2017-08-12,70406.0,Inactive,EMP0048,ABCDE2703F,2023-02-25
EMP0259,Employee_259,53,1971-12-09,Male,emp259@company.com,9829109045,Sales,Account Manager,2019-09-16,32850.0,Active,EMP0034,ABCDE7102F,
EMP0260,Employee_260,28,1996-02-19,Female,emp260@company.com,9862928934,Marketing,Marketing Executive,2021-07-06,91247.0,Active,EMP0043,ABCDE4879F,
EMP0261,Employee_261,47,1977-06-15,Male,emp261@company.com,9853788744,Finance,Finance Manager,2018-07-14,116845.0,Active,EMP0013,ABCDE2785F,
EMP0262,Employee_262,50,1974-09-12,Male,emp262@company.com,9826205010,HR,HR Executive,2016-11-04,86086.0,On Leave,EMP0029,ABCDE5341F,
EMP0263,Employee_263,32,1992-01-07,Female,emp263@company.com,9890973889,Legal,Legal Analyst,2016-01-06,130853.0,Inactive,EMP0010,,2023-05-24
EMP0264,Employee_264,25,1999-01-13,Other,emp264@company.com,9833336132,Finance,Auditor,2020-10-04,113759.0,Inactive,EMP0048,ABCDE2551F,2024-08-04
EMP0265,Employee_265,22,2002-03-07,Female,emp265@company.com,9839835008,Engineering,Senior Engineer,2016-05-12,33083.0,Inactive,EMP0044,ABCDE2376F,2025-04-07
EMP0266,Employee_266,23,2001-08-26,Female,emp266@company.com,9896702893,Sales,Sales Manager,2015-11-04,33450.0,Active,EMP0008,,
EMP0267,Employee_267,58,1966-08-01,Female,emp267@company.com,9863015826,Marketing,Marketing Executive,2016-11-19,81774.0,Active,EMP0012,ABCDE4066F,
EMP0268,Employee_268,31,1993-04-21,Female,emp268@company.com,9892809273,Finance,Finance Manager,2020-01-01,29541.0,Active,EMP0036,ABCDE2437F,
EMP0269,Employee_269,48,1976-04-21,Other,emp269@company.com,9880573568,Finance,Auditor,2016-07-16,51143.0,On Leave,EMP0002,ABCDE6883F,
EMP0270,Employee_270,58,1966-03-01,Male,emp270@company.com,9846297263,Marketing,Brand Manager,2018-11-10,90849.0,Active,EMP0002,ABCDE5602F,
EMP0271,Employee_271,44,1980-03-04,Male,emp271@company.com,9841240803,Engineering,QA Analyst,2020-12-08,125511.0,Active,EMP0018,ABCDE1916F,
EMP0272,Employee_272,46,1978-03-08,Other,emp272@company.com,9833315234,Legal,Compliance Officer,2021-06-16,71504.0,Active,EMP0045,ABCDE1462F,
EMP0273,Employee_273,58,1966-08-18,Female,emp273@company.com,9835264294,Operations,Ops Executive,2021-05-14,43625.0,Active,EMP0003,,
EMP0274,Employee_274,12,,Female,,,,HR Manager,2015-03-23,,Active,EMP0004,,
EMP0275,Employee_275,29,1995-02-12,Other,emp275@company.com,9858974686,Sales,Account Manager,2023-09-07,135949.0,Active,EMP0026,ABCDE6514F,
EMP0276,Employee_276,32,1992-08-21,Other,emp276@company.com,9895800828,Finance,Finance Manager,2016-07-12,120990.0,Active,EMP0036,ABCDE6846F,
EMP0277,Employee_277,41,1983-03-24,Other,emp277@company.com,9827092408,HR,HR Manager,2019-03-30,121206.0,Active,EMP0037,ABCDE1530F,
EMP0278,Employee_278,36,1988-03-11,Male,emp278@company.com,9876596831,HR,Recruiter,2021-11-09,108839.0,Active,EMP0023,ABCDE3750F,
EMP0279,Employee_279,14,,Male,,,,Operations Analyst,2022-12-13,,Active,EMP0047,,
EMP0280,Employee_280,48,1976-07-12,Male,emp280@company.com,9876180344,Marketing,Brand Manager,2023-03-20,46802.0,Active,EMP0031,ABCDE4695F,
EMP0281,Employee_281,24,,Female,,,,HR Analyst,2015-10-29,,Active,EMP0011,ABCDE9962F,
EMP0282,Employee_282,52,1972-03-20,Male,,9897729428,,Tech Lead,2021-08-30,,Inactive,EMP0004,ABCDE4367F,2023-01-25
EMP0283,Employee_283,40,1984-07-19,Female,emp283@company.com,9816661956,Marketing,SEO Analyst,2022-05-29,63980.0,Active,EMP0010,,
EMP0284,Employee_284,40,1984-08-07,Male,emp284@company.com,9890559564,Engineering,QA Analyst,2015-12-25,132989.0,Active,EMP0011,ABCDE2342F,
EMP0285,Employee_285,47,1977-05-03,Female,emp285@company.com,9898723294,Marketing,Marketing Executive,2018-06-17,86727.0,Active,EMP0012,ABCDE7249F,
EMP0286,Employee_286,24,2000-04-27,Male,emp286@company.com,9845353058,Finance,Accountant,2019-12-31,59510.0,Active,EMP0010,ABCDE2584F,
EMP0287,Employee_287,48,1976-01-27,Other,emp287@company.com,9884303190,Engineering,Tech Lead,2021-01-26,124150.0,Active,EMP0027,ABCDE8779F,
EMP0288,Employee_288,41,1983-09-19,Other,emp288@company.com,9814661179,Sales,Account Manager,2020-05-04,35348.0,On Leave,EMP0044,ABCDE3415F,
EMP0289,Employee_289,32,1992-01-14,Other,emp289@company.com,9826936398,Engineering,QA Analyst,2016-12-09,52772.0,Active,EMP0028,ABCDE3422F,
EMP0290,Employee_290,26,1998-09-11,Other,emp290@company.com,9863332084,Legal,Legal Manager,2018-08-02,36406.0,Inactive,EMP0030,ABCDE1202F,2025-12-05
EMP0291,Employee_291,48,1976-10-25,Male,emp291@company.com,9888911183,Sales,BDM,2016-04-05,44613.0,On Leave,EMP0007,ABCDE2654F,
EMP0292,Employee_292,44,1980-11-16,Female,emp292@company.com,9861411224,Legal,Legal Manager,2021-01-02,140067.0,Active,EMP0003,ABCDE7602F,
EMP0293,Employee_293,47,1977-01-24,Female,emp293@company.com,9841887353,HR,HR Analyst,2015-06-08,141598.0,Active,EMP0024,,
EMP0294,Employee_294,39,1985-04-05,Other,emp294@company.com,9823182514,Legal,Legal Manager,2018-06-27,135473.0,Active,EMP0029,ABCDE6257F,
EMP0295,Employee_295,27,1997-12-16,Female,emp295@company.com,9864649480,Finance,Auditor,2021-10-13,49633.0,Inactive,EMP0004,ABCDE3604F,2022-05-15
EMP0296,Employee_296,55,1969-04-27,Male,emp296@company.com,9833318633,Finance,Auditor,2016-07-09,140255.0,Active,EMP0016,,
EMP0297,Employee_297,34,1990-09-13,Male,emp297@company.com,9872306347,Engineering,Tech Lead,2022-11-26,60910.0,Active,EMP0044,,
EMP0298,Employee_298,50,1974-10-18,Male,emp298@company.com,9873697356,Finance,Auditor,2021-08-30,48276.0,Active,EMP0017,ABCDE2480F,
EMP0299,Employee_299,25,1999-04-21,Male,emp299@company.com,9838765353,Finance,Financial Analyst,2019-05-03,46352.0,Active,EMP0018,ABCDE9409F,
EMP0300,Employee_300,30,1994-04-09,Female,emp300@company.com,9811135982,Engineering,Software Engineer,2020-04-25,109852.0,Active,EMP0046,ABCDE5511F,
EMP0301,Employee_301,51,1973-11-17,Female,emp301@company.com,9850553227,Marketing,Brand Manager,2018-11-29,58029.0,Inactive,EMP0038,ABCDE9380F,2025-09-18
EMP0302,Employee_302,40,1984-02-11,Other,emp302@company.com,9874657836,Legal,Legal Manager,2021-04-18,64121.0,On Leave,EMP0021,ABCDE5278F,
EMP0303,Employee_303,31,1993-10-13,Other,emp303@company.com,9817620167,Operations,Ops Executive,2017-02-10,92802.0,Active,EMP0009,ABCDE9148F,
EMP0304,Employee_304,47,1977-12-19,Female,emp304@company.com,9888252116,Finance,Finance Manager,2019-09-11,75891.0,Inactive,EMP0047,ABCDE9759F,2025-07-31
EMP0305,Employee_305,44,1980-11-18,Male,emp305@company.com,9832815223,Legal,Paralegal,2022-07-14,91494.0,Active,EMP0031,ABCDE5237F,
EMP0306,Employee_306,43,1981-04-24,Female,not_an_email,9857685330,Operations,Process Manager,2022-08-16,110778.0,Inactive,EMP0022,ABCDE5817F,2024-08-07
EMP0307,Employee_307,25,1999-10-03,Male,emp307@company.com,9887888306,Legal,Legal Analyst,2020-04-11,138559.0,Active,EMP0033,ABCDE7253F,
EMP0308,Employee_308,25,1999-04-11,Other,emp308@company.com,9828436852,Sales,Sales Manager,2019-08-20,139143.0,Active,EMP0030,ABCDE3954F,
EMP0309,Employee_309,43,1981-11-02,Female,emp309@company.com,9852065724,Legal,Legal Analyst,2020-06-20,107710.0,Active,EMP0014,ABCDE3762F,
EMP0310,Employee_310,27,1997-07-13,Female,emp310@company.com,9895025258,Sales,Account Manager,2020-06-28,41961.0,Active,EMP0025,,
EMP0311,Employee_311,10,,Other,,,,Account Manager,2023-03-12,,Active,EMP0047,ABCDE6641F,
EMP0312,Employee_312,46,1978-02-27,Female,emp312@company.com,9832417070,Finance,Accountant,2016-02-25,90973.0,Active,EMP0030,ABCDE9587F,
EMP0313,Employee_313,30,1994-06-25,Female,emp313@company.com,9875790669,Finance,Auditor,2022-09-14,69922.0,Active,EMP0002,ABCDE3149F,
EMP0314,Employee_314,54,1970-01-13,Female,emp314@company.com,9897314051,HR,HR Executive,2021-08-12,47149.0,Inactive,EMP0050,ABCDE1796F,2025-05-01
EMP0315,Employee_315,23,2001-08-13,Female,emp315@company.com,9865938669,Engineering,Software Engineer,2022-05-01,31322.0,Active,EMP0031,ABCDE4366F,
EMP0316,Employee_316,48,1976-05-20,Male,emp316@company.com,9879834723,Operations,Operations Analyst,2018-05-18,111725.0,Active,EMP0027,ABCDE2718F,
EMP0317,Employee_317,29,1995-10-07,Other,emp317@company.com,9836661903,Sales,Sales Executive,2018-03-03,127860.0,Inactive,EMP0013,ABCDE7713F,2023-08-28
EMP0318,Employee_318,53,1971-06-08,Other,emp318@company.com,9874513622,HR,HR Executive,2021-02-23,144322.0,Active,EMP0006,ABCDE9095F,
EMP0319,Employee_319,54,1970-05-21,Female,emp319@company.com,9823594977,HR,HR Executive,2023-09-28,34836.0,Active,EMP0017,ABCDE2635F,
EMP0320,Employee_320,40,1984-07-24,Male,emp320@company.com,9851970837,Legal,Compliance Officer,2015-06-11,72214.0,Active,EMP0001,ABCDE3793F,
EMP0321,Employee_321,39,1985-06-06,Female,emp321@company.com,9860012498,Finance,Finance Manager,2019-11-28,140143.0,Active,EMP0030,ABCDE7319F,
EMP0322,Employee_322,48,1976-02-05,Male,emp322@company.com,9832384662,Operations,Coordinator,2023-12-21,110045.0,Active,EMP0011,ABCDE8908F,
EMP0323,Employee_323,46,1978-11-27,Male,emp323@company.com,9813867648,Legal,Paralegal,2017-01-12,127126.0,Active,EMP0031,ABCDE2850F,
EMP0324,Employee_324,26,1998-12-28,Other,emp324@company.com,9811658959,Marketing,Brand Manager,2015-07-08,59290.0,Active,EMP0037,ABCDE4669F,
EMP0325,Employee_325,55,1969-07-22,Female,emp325@company.com,9822783183,Operations,Ops Executive,2020-10-27,115209.0,Active,EMP0023,ABCDE7305F,
EMP0326,Employee_326,32,1992-03-03,Female,emp326@company.com,9876549837,HR,HR Executive,2015-02-17,91265.0,Inactive,EMP0016,ABCDE5557F,2022-04-14
EMP0327,Employee_327,46,1978-08-15,Female,emp327@company.com,9820580463,Sales,Account Manager,2021-03-04,77858.0,Inactive,EMP0006,ABCDE8324F,2023-10-10
EMP0328,Employee_328,23,2001-09-18,Male,emp328@company.com,9814809280,Engineering,QA Analyst,2023-05-11,38453.0,Active,EMP0039,ABCDE5990F,
EMP0329,Employee_329,51,1973-04-28,Other,emp329@company.com,9817284695,Sales,Account Manager,2022-05-05,149564.0,Active,EMP0050,ABCDE8751F,
EMP0330,Employee_330,50,1974-04-01,Other,emp330@company.com,9898437437,Operations,Ops Executive,2023-01-11,39945.0,Active,EMP0019,ABCDE7125F,
EMP0331,Employee_331,32,1992-02-09,Male,emp331@company.com,9864923338,Operations,Operations Analyst,2015-07-07,89542.0,Active,EMP0008,ABCDE7437F,
EMP0332,Employee_332,34,1990-01-21,Other,emp332@company.com,9865629268,HR,HR Analyst,2023-10-06,118950.0,Inactive,EMP0008,ABCDE8381F,2024-07-25
EMP0333,Employee_333,22,2002-07-27,Other,emp333@company.com,9884252780,Operations,Process Manager,2020-08-05,94515.0,Active,EMP0050,ABCDE3903F,
EMP0334,Employee_334,30,1994-10-11,Female,emp334@company.com,9890603922,Operations,Process Manager,2023-03-12,38573.0,Active,EMP0027,ABCDE5067F,
EMP0335,Employee_335,40,1984-07-20,Other,emp335@company.com,9828546206,Finance,Auditor,2018-11-05,84355.0,Active,EMP0033,ABCDE9975F,
EMP0336,Employee_336,57,1967-10-23,Female,emp336@company.com,9838147161,Legal,Legal Manager,2022-12-25,107913.0,Active,EMP0044,ABCDE3913F,
EMP0337,Employee_337,29,1995-10-19,Other,emp337@company.com,9874474159,Sales,Sales Manager,2022-12-19,124716.0,On Leave,EMP0027,ABCDE9747F,
EMP0338,Employee_338,55,,Female,,,,Auditor,2015-02-22,,Active,EMP0049,ABCDE5695F,
EMP0339,Employee_339,25,1999-09-02,Female,emp339@company.com,9837380537,Operations,Ops Executive,2016-08-22,115517.0,Active,EMP0007,ABCDE4675F,
EMP0340,Employee_340,54,1970-12-22,Female,emp340@company.com,9848606206,Operations,Coordinator,2017-08-31,127800.0,Active,EMP0025,ABCDE6122F,
EMP0341,Employee_341,38,1986-04-21,Other,emp341@company.com,9869467023,Sales,Sales Executive,2015-02-23,51619.0,Active,EMP0024,ABCDE9955F,
EMP0342,Employee_342,34,1990-03-06,Male,emp342@company.com,9819995059,Operations,Process Manager,2023-09-15,63558.0,Active,EMP0025,,
EMP0343,Employee_343,32,1992-06-15,Male,emp343@company.com,9810757677,Finance,Finance Manager,2016-06-16,101544.0,Active,EMP0003,ABCDE6285F,
EMP0344,Employee_344,41,1983-06-03,Female,emp344@company.com,9883841249,Sales,Sales Executive,2023-09-04,89297.0,Inactive,EMP0034,ABCDE4012F,2024-12-02
EMP0345,Employee_345,56,1968-04-07,Female,emp345@company.com,9856896070,Engineering,Senior Engineer,2019-08-31,95390.0,Active,EMP0024,ABCDE9691F,
EMP0346,Employee_346,44,1980-10-20,Male,emp346@company.com,9896203262,Marketing,Marketing Executive,2016-04-14,83414.0,Active,EMP0044,ABCDE7248F,
EMP0347,Employee_347,38,1986-09-27,Other,emp347@company.com,9813315946,Legal,Legal Analyst,2019-04-30,95809.0,Inactive,EMP0033,ABCDE1718F,2023-08-31
EMP0348,Employee_348,54,1970-09-18,Male,emp348@company.com,9832467350,Operations,Process Manager,2018-08-05,35793.0,Active,EMP0014,ABCDE4492F,
EMP0349,Employee_349,35,1989-11-27,Other,emp349@company.com,9868416623,Legal,Paralegal,2016-03-01,95484.0,On Leave,EMP0044,ABCDE8523F,
EMP0350,Employee_350,27,1997-09-03,Male,not_an_email,9843810519,,Ops Executive,2015-06-05,-34600.0,Active,EMP0017,ABCDE8391F,
EMP0351,Employee_351,42,1982-09-01,Other,emp351@company.com,9825878730,Operations,Coordinator,2019-11-09,27213.0,Active,EMP0005,ABCDE1745F,
EMP0352,Employee_352,54,1970-10-03,Female,emp352@company.com,9850446607,Operations,Operations Analyst,2019-01-05,38911.0,Active,EMP0025,ABCDE1504F,
EMP0353,Employee_353,36,1988-05-21,Other,emp353@company.com,9883245898,Marketing,Content Writer,2020-12-25,42875.0,Active,EMP0047,ABCDE1182F,
EMP0354,Employee_354,24,2000-09-18,Female,emp354@company.com,9862892750,Sales,Account Manager,2016-05-19,25659.0,On Leave,EMP0014,ABCDE6633F,
EMP0355,Employee_355,54,1970-10-27,Male,emp355@company.com,9839633659,HR,HR Analyst,2022-03-30,43671.0,Active,EMP0012,ABCDE1891F,
EMP0356,Employee_356,57,1967-05-04,Other,emp356@company.com,9819041276,Legal,Paralegal,2022-03-25,34587.0,Active,EMP0032,ABCDE6851F,
EMP0357,Employee_357,40,1984-06-16,Other,not_an_email,9835970938,HR,HR Manager,2016-02-14,-106201.0,Active,EMP0043,ABCDE3496F,
EMP0358,Employee_358,16,,Female,,,,Sales Manager,2018-07-19,,Active,EMP0024,ABCDE6432F,
EMP0359,Employee_359,44,1980-02-06,Male,emp359@company.com,9884044139,Marketing,Brand Manager,2019-12-30,126550.0,Active,EMP0018,ABCDE3293F,
EMP0360,Employee_360,26,1998-09-21,Other,not_an_email,9812500515,Sales,Account Manager,2017-12-14,120345.0,Active,EMP0038,ABCDE4485F,
EMP0361,Employee_361,56,1968-06-13,Other,emp361@company.com,9829949181,Engineering,Tech Lead,2021-02-04,86879.0,Active,EMP0047,ABCDE3193F,
EMP0362,Employee_362,12,,Female,,,,Marketing Executive,2019-06-14,,Active,EMP0011,ABCDE3395F,
EMP0363,Employee_363,24,2000-02-09,Male,emp363@company.com,9841104946,Operations,Coordinator,2019-01-09,53681.0,Active,EMP0043,ABCDE6918F,
EMP0364,Employee_364,24,2000-02-23,Other,emp364@company.com,9853496088,Marketing,Brand Manager,2020-02-06,30230.0,On Leave,EMP0018,ABCDE5314F,
EMP0365,Employee_365,46,1978-09-09,Male,emp365@company.com,9820447168,Sales,Account Manager,2019-03-23,72880.0,Active,EMP0034,ABCDE6653F,
EMP0366,Employee_366,22,2002-03-08,Other,emp366@company.com,9869042204,Marketing,Brand Manager,2021-10-10,90776.0,Active,EMP0018,ABCDE4062F,
EMP0367,Employee_367,29,1995-12-04,Female,emp367@company.com,9854322017,HR,Recruiter,2021-10-01,111652.0,Active,EMP0031,ABCDE3641F,
EMP0368,Employee_368,37,1987-03-05,Male,emp368@company.com,9889503557,Operations,Coordinator,2015-04-02,30655.0,Active,EMP0037,ABCDE3725F,
EMP0369,Employee_369,47,1977-01-24,Female,emp369@company.com,9895580271,Finance,Accountant,2020-10-17,103558.0,Active,EMP0006,ABCDE8723F,
EMP0370,Employee_370,36,1988-10-27,Other,emp370@company.com,9829154498,Legal,Paralegal,2016-11-29,133837.0,Inactive,EMP0043,ABCDE3747F,2025-11-05
EMP0371,Employee_371,26,1998-02-01,Other,emp371@company.com,9827745355,Finance,Auditor,2021-09-09,55122.0,Active,EMP0044,ABCDE3450F,
EMP0372,Employee_372,52,1972-09-17,Male,emp372@company.com,9815239398,Sales,Sales Executive,2016-12-27,143175.0,Inactive,EMP0031,ABCDE9835F,2022-01-03
EMP0373,Employee_373,48,1976-07-08,Female,emp373@company.com,9881110769,Legal,Paralegal,2020-11-08,73546.0,On Leave,EMP0050,ABCDE2600F,
EMP0374,Employee_374,52,1972-05-20,Female,emp374@company.com,9821249805,Marketing,Content Writer,2017-11-08,125382.0,Inactive,EMP0017,ABCDE1116F,2025-03-29
EMP0375,Employee_375,22,2002-07-12,Female,emp375@company.com,9852399610,Sales,Sales Executive,2020-10-29,74155.0,Active,EMP0042,ABCDE5281F,
EMP0376,Employee_376,45,1979-04-14,Other,emp376@company.com,9863345392,Legal,Paralegal,2021-05-01,105200.0,Active,EMP0031,ABCDE8925F,
EMP0377,Employee_377,44,1980-11-04,Female,emp377@company.com,9828531242,Finance,Finance Manager,2021-06-24,126475.0,Active,EMP0045,ABCDE2642F,
EMP0378,Employee_378,43,1981-03-13,Male,emp378@company.com,9816986408,HR,HR Analyst,2023-10-25,129969.0,On Leave,EMP0006,ABCDE8727F,
EMP0379,Employee_379,26,1998-10-02,Female,emp379@company.com,9820742751,Sales,BDM,2015-12-28,59483.0,Active,EMP0040,ABCDE5693F,
EMP0380,Employee_380,33,1991-04-28,Other,emp380@company.com,9811437525,Operations,Operations Analyst,2023-09-04,108924.0,Active,EMP0019,ABCDE9364F,
EMP0381,Employee_381,32,1992-11-01,Male,,9842112480,,Account Manager,2021-11-24,,On Leave,EMP0018,ABCDE6785F,
EMP0382,Employee_382,15,,Female,,,,Coordinator,2019-07-19,,Active,EMP0018,ABCDE4187F,
EMP0383,Employee_383,22,2002-02-18,Female,emp383@company.com,9877946127,Marketing,Brand Manager,2021-06-12,59223.0,Active,EMP0022,ABCDE9409F,
EMP0384,Employee_384,50,1974-06-25,Female,emp384@company.com,9842651583,Finance,Finance Manager,2022-10-14,74424.0,Active,EMP0038,ABCDE8896F,
EMP0385,Employee_385,46,1978-11-23,Female,emp385@company.com,9839579214,Engineering,Tech Lead,2015-10-04,108055.0,Active,EMP0027,ABCDE9462F,
EMP0386,Employee_386,38,1986-11-24,Male,emp386@company.com,9863543563,Sales,Sales Executive,2022-11-10,57539.0,Inactive,EMP0036,ABCDE8807F,2023-10-05
EMP0387,Employee_387,39,1985-08-24,Other,emp387@company.com,9835523849,Finance,Accountant,2021-06-07,48957.0,Active,EMP0016,ABCDE4387F,
EMP0388,Employee_388,44,1980-02-22,Female,emp388@company.com,9826089818,HR,HR Manager,2017-10-19,45446.0,On Leave,EMP0040,,
EMP0389,Employee_389,45,1979-05-16,Other,emp389@company.com,9887110685,Legal,Legal Analyst,2020-05-29,106352.0,Active,EMP0018,ABCDE3101F,
EMP0390,Employee_390,56,1968-11-25,Male,emp390@company.com,9862843790,Engineering,QA Analyst,2020-05-13,29268.0,Active,EMP0045,ABCDE6171F,
EMP0391,Employee_391,35,1989-06-20,Male,emp391@company.com,9853679307,Operations,Operations Analyst,2015-02-18,74732.0,Inactive,EMP0036,ABCDE5413F,2024-08-23
EMP0392,Employee_392,33,1991-12-25,Female,emp392@company.com,9866249702,Sales,Sales Manager,2019-02-07,90374.0,Active,EMP0018,ABCDE3148F,
EMP0393,Employee_393,39,1985-07-07,Other,emp393@company.com,9868011418,Sales,Account Manager,2016-02-14,130393.0,Active,EMP0010,ABCDE1159F,
EMP0394,Employee_394,30,1994-09-24,Female,emp394@company.com,9879391501,HR,HR Analyst,2020-08-08,142082.0,Active,EMP0020,ABCDE1781F,
EMP0395,Employee_395,32,1992-08-27,Female,emp395@company.com,9844130183,Marketing,Marketing Executive,2022-09-29,32869.0,Active,EMP0048,ABCDE6914F,
EMP0396,Employee_396,23,2001-04-19,Other,emp396@company.com,9891279039,Finance,Finance Manager,2018-11-10,78970.0,Active,EMP0035,ABCDE5663F,
EMP0397,Employee_397,54,1970-02-13,Female,emp397@company.com,9869985944,Finance,Finance Manager,2022-07-20,88896.0,Active,EMP0041,ABCDE3745F,
EMP0398,Employee_398,58,1966-02-06,Female,emp398@company.com,9819575640,Operations,Ops Executive,2019-09-24,78054.0,Active,EMP0021,ABCDE5382F,
EMP0399,Employee_399,50,1974-12-19,Female,emp399@company.com,9858743159,Sales,BDM,2018-01-16,127363.0,Active,EMP0027,ABCDE1378F,
EMP0400,Employee_400,38,1986-04-06,Male,emp400@company.com,9820746107,HR,HR Manager,2022-06-04,148265.0,Active,EMP0005,ABCDE8752F,
EMP0401,Employee_401,47,1977-02-09,Male,emp401@company.com,9821173787,Sales,Sales Executive,2015-04-18,93679.0,Active,EMP0042,ABCDE7387F,
EMP0402,Employee_402,40,1984-09-27,Male,emp402@company.com,9827619715,Finance,Accountant,2017-10-10,83085.0,Active,EMP0043,ABCDE6328F,
EMP0403,Employee_403,56,1968-03-23,Other,emp403@company.com,9869706076,Legal,Paralegal,2020-03-28,147533.0,Active,EMP0039,ABCDE8126F,
EMP0404,Employee_404,52,1972-08-10,Female,emp404@company.com,9822019737,Sales,Sales Manager,2018-11-23,95735.0,Active,EMP0010,ABCDE1001F,
EMP0405,Employee_405,40,1984-08-10,Female,emp405@company.com,9876025948,Sales,Account Manager,2018-11-09,86498.0,Active,EMP0019,ABCDE1118F,
EMP0406,Employee_406,48,1976-04-06,Other,emp406@company.com,9862982727,Sales,Sales Manager,2017-02-11,140626.0,Active,EMP0025,ABCDE4614F,
EMP0407,Employee_407,37,1987-12-22,Other,emp407@company.com,9892304487,Finance,Financial Analyst,2019-09-26,92713.0,Active,EMP0048,ABCDE5404F,
EMP0408,Employee_408,33,1991-08-20,Other,emp408@company.com,9895482292,Marketing,Content Writer,2015-10-08,42907.0,Active,EMP0040,ABCDE6253F,
EMP0409,Employee_409,56,1968-05-09,Female,emp409@company.com,9823726915,Engineering,Senior Engineer,2015-07-23,27900.0,Active,EMP0047,,
EMP0410,Employee_410,53,1971-08-12,Male,emp410@company.com,9851819114,Engineering,Senior Engineer,2015-03-02,53467.0,Active,EMP0022,,
EMP0411,Employee_411,39,1985-08-06,Female,emp411@company.com,9882905989,Legal,Compliance Officer,2015-08-18,126666.0,Active,EMP0025,ABCDE2998F,
EMP0412,Employee_412,50,1974-04-15,Male,emp412@company.com,9814497675,Legal,Compliance Officer,2019-04-26,57396.0,Active,EMP0034,ABCDE4415F,
EMP0413,Employee_413,41,1983-12-02,Other,emp413@company.com,9894444996,Marketing,Brand Manager,2022-08-23,147711.0,Active,EMP0034,ABCDE8884F,
EMP0414,Employee_414,45,1979-04-04,Female,not_an_email,9899482259,,Ops Executive,2017-03-24,-141328.0,Active,EMP0021,,
EMP0415,Employee_415,29,1995-01-19,Female,emp415@company.com,9811198544,Legal,Legal Manager,2021-07-22,76879.0,Inactive,EMP0045,ABCDE7084F,2022-07-03
EMP0416,Employee_416,27,1997-01-02,Male,emp416@company.com,9893903841,HR,HR Manager,2020-08-09,114908.0,Active,EMP0045,ABCDE2759F,
EMP0417,Employee_417,42,1982-08-24,Other,emp417@company.com,9856616197,HR,HR Analyst,2017-08-11,98184.0,Active,EMP0025,ABCDE3207F,
EMP0418,Employee_418,50,1974-04-19,Female,emp418@company.com,9875779034,Finance,Financial Analyst,2020-06-10,98272.0,Active,EMP0021,ABCDE5510F,
EMP0419,Employee_419,55,1969-09-12,Other,emp419@company.com,9845346140,Legal,Compliance Officer,2015-10-10,45319.0,Active,EMP0033,ABCDE4039F,
EMP0420,Employee_420,37,1987-09-27,Other,emp420@company.com,9898354109,Engineering,Tech Lead,2023-09-14,67034.0,Active,EMP0044,ABCDE3525F,
EMP0421,Employee_421,48,1976-09-22,Male,emp421@company.com,9822919301,Sales,Sales Manager,2018-08-14,109004.0,Active,EMP0012,ABCDE4310F,
EMP0422,Employee_422,28,1996-11-16,Other,emp422@company.com,9862156850,Engineering,QA Analyst,2017-02-23,29170.0,Active,EMP0038,ABCDE7002F,
EMP0423,Employee_423,35,1989-08-26,Female,emp423@company.com,9820731620,HR,HR Executive,2015-02-23,110950.0,Active,EMP0036,ABCDE7814F,
EMP0424,Employee_424,25,1999-01-24,Female,emp424@company.com,9881003974,Legal,Legal Manager,2023-11-28,132956.0,Active,EMP0005,ABCDE9511F,
EMP0425,Employee_425,36,1988-09-22,Other,emp425@company.com,9835920053,Engineering,Software Engineer,2023-02-18,94685.0,Active,EMP0012,ABCDE7802F,
EMP0426,Employee_426,58,1966-07-04,Male,emp426@company.com,9899287317,Operations,Operations Analyst,2023-08-05,71918.0,Active,EMP0036,ABCDE6529F,
EMP0427,Employee_427,50,1974-09-11,Female,emp427@company.com,9852299387,Operations,Process Manager,2020-12-26,147358.0,Inactive,EMP0049,ABCDE6299F,2025-05-31
EMP0428,Employee_428,57,1967-08-15,Male,emp428@company.com,9858319528,HR,HR Manager,2019-03-17,146391.0,On Leave,EMP0047,,
EMP0429,Employee_429,30,1994-04-07,Male,emp429@company.com,9850310141,Finance,Financial Analyst,2020-10-21,141696.0,Inactive,EMP0050,ABCDE5521F,2025-02-07
EMP0430,Employee_430,24,2000-05-12,Male,emp430@company.com,9828576833,Sales,Account Manager,2016-01-22,85341.0,Inactive,EMP0015,ABCDE5920F,2022-07-08
EMP0431,Employee_431,35,1989-08-06,Other,not_an_email,9853579429,Sales,BDM,2021-05-19,121241.0,Active,EMP0045,ABCDE2562F,
EMP0432,Employee_432,58,1966-06-12,Female,not_an_email,9817505818,Sales,Sales Manager,2015-06-03,75010.0,Inactive,EMP0027,ABCDE2974F,2023-04-10
EMP0433,Employee_433,46,1978-06-18,Female,emp433@company.com,9815527388,Operations,Operations Analyst,2022-02-09,32094.0,Active,EMP0033,ABCDE3509F,
EMP0434,Employee_434,58,1966-05-26,Male,emp434@company.com,9867973424,Engineering,QA Analyst,2019-12-31,91155.0,Active,EMP0022,,
EMP0435,Employee_435,47,1977-07-25,Male,not_an_email,9877353558,Sales,Sales Executive,2021-02-23,59413.0,Active,EMP0031,ABCDE8993F,
EMP0436,Employee_436,55,1969-07-11,Other,emp436@company.com,9845736421,Marketing,Content Writer,2021-04-17,57275.0,Active,EMP0006,ABCDE7776F,
EMP0437,Employee_437,34,1990-01-25,Female,emp437@company.com,9897967622,Marketing,SEO Analyst,2018-11-27,67039.0,Active,EMP0040,ABCDE8245F,
EMP0438,Employee_438,24,2000-11-12,Other,emp438@company.com,9836801295,Sales,Account Manager,2019-12-10,146138.0,Active,EMP0006,ABCDE1893F,
EMP0439,Employee_439,22,2002-05-15,Female,emp439@company.com,9824935479,HR,HR Manager,2018-03-24,69993.0,Active,EMP0014,ABCDE4471F,
EMP0440,Employee_440,52,1972-12-23,Female,emp440@company.com,9828971329,HR,Recruiter,2021-02-25,106663.0,Active,EMP0038,ABCDE9631F,
EMP0441,Employee_441,25,1999-05-02,Male,emp441@company.com,9892941828,Engineering,Tech Lead,2016-11-28,62226.0,Active,EMP0005,ABCDE5445F,
EMP0442,Employee_442,23,2001-07-08,Other,emp442@company.com,9897162488,Operations,Ops Executive,2016-03-17,63337.0,On Leave,EMP0046,,
EMP0443,Employee_443,56,1968-08-18,Male,emp443@company.com,9877196215,Finance,Auditor,2021-09-11,36537.0,On Leave,EMP0003,ABCDE9673F,
EMP0444,Employee_444,47,1977-11-12,Female,emp444@company.com,9856544010,Finance,Finance Manager,2020-06-29,122568.0,Active,EMP0016,ABCDE9212F,
EMP0445,Employee_445,38,1986-09-09,Female,emp445@company.com,9813954845,Finance,Financial Analyst,2022-01-07,140169.0,Active,EMP0026,ABCDE2438F,
EMP0446,Employee_446,36,1988-07-10,Female,emp446@company.com,9830501644,Operations,Coordinator,2020-11-02,79700.0,On Leave,EMP0029,ABCDE4387F,
EMP0447,Employee_447,56,1968-05-23,Other,emp447@company.com,9828536762,Operations,Process Manager,2021-07-07,114659.0,Active,EMP0009,ABCDE3378F,
EMP0448,Employee_448,26,1998-03-11,Male,emp448@company.com,9825889673,Operations,Process Manager,2018-07-24,98051.0,Inactive,EMP0047,,2023-10-15
EMP0449,Employee_449,50,1974-12-09,Male,emp449@company.com,9895476210,Marketing,Brand Manager,2018-05-27,122728.0,Active,EMP0007,ABCDE1429F,
EMP0450,Employee_450,58,1966-04-22,Male,emp450@company.com,9841163012,Legal,Legal Manager,2021-10-16,105263.0,Active,EMP0045,ABCDE3196F,
EMP0451,Employee_451,45,1979-08-05,Male,emp451@company.com,9875960711,Sales,BDM,2022-12-26,49114.0,Active,EMP0003,ABCDE1245F,
EMP0452,Employee_452,34,1990-08-28,Other,emp452@company.com,9833767033,Finance,Auditor,2017-06-30,124323.0,Active,EMP0021,ABCDE5043F,
EMP0453,Employee_453,24,2000-12-11,Other,emp453@company.com,9861052956,Marketing,Brand Manager,2023-09-15,104682.0,Active,EMP0037,ABCDE9605F,
EMP0454,Employee_454,28,1996-04-17,Other,emp454@company.com,9815692967,Operations,Operations Analyst,2020-11-02,84193.0,Active,EMP0003,ABCDE9456F,
EMP0455,Employee_455,40,1984-05-15,Female,emp455@company.com,9850876565,Legal,Legal Analyst,2017-02-16,82613.0,Active,EMP0040,ABCDE9470F,
EMP0456,Employee_456,50,1974-03-25,Other,emp456@company.com,9825189633,HR,HR Analyst,2022-03-31,36854.0,Active,EMP0035,ABCDE7775F,
EMP0457,Employee_457,33,1991-08-03,Other,emp457@company.com,9837102854,Finance,Auditor,2015-04-13,84464.0,Active,EMP0042,ABCDE3686F,
EMP0458,Employee_458,29,1995-02-17,Other,emp458@company.com,9858713437,Operations,Operations Analyst,2016-01-09,117566.0,Active,EMP0033,ABCDE3619F,
EMP0459,Employee_459,32,1992-03-06,Male,emp459@company.com,9898520663,Marketing,Brand Manager,2015-06-29,144570.0,Inactive,EMP0050,ABCDE7874F,2023-09-23
EMP0460,Employee_460,33,1991-01-20,Male,emp460@company.com,9837226295,Finance,Auditor,2018-03-28,40408.0,Inactive,EMP0030,ABCDE9169F,2025-01-18
EMP0461,Employee_461,53,1971-08-15,Male,emp461@company.com,9898512648,Legal,Legal Analyst,2021-10-26,56179.0,Active,EMP0039,ABCDE5009F,
EMP0462,Employee_462,57,1967-03-05,Female,emp462@company.com,9816565770,Sales,Sales Manager,2021-12-13,132494.0,Active,EMP0003,ABCDE1531F,
EMP0463,Employee_463,27,1997-03-22,Other,emp463@company.com,9833924094,Operations,Ops Executive,2018-09-18,31426.0,Active,EMP0045,ABCDE3906F,
EMP0464,Employee_464,27,1997-07-27,Female,emp464@company.com,9859468550,Marketing,SEO Analyst,2015-05-27,125730.0,Active,EMP0036,,
EMP0465,Employee_465,39,1985-04-23,Male,emp465@company.com,9880416822,Marketing,Content Writer,2016-05-14,68150.0,Active,EMP0007,ABCDE9666F,
EMP0466,Employee_466,40,1984-05-17,Other,emp466@company.com,9852478375,Engineering,QA Analyst,2023-02-13,80974.0,Active,EMP0023,ABCDE9132F,
EMP0467,Employee_467,33,1991-04-01,Female,emp467@company.com,9848988647,Sales,BDM,2020-07-10,140823.0,Active,EMP0041,ABCDE4396F,
EMP0468,Employee_468,24,2000-04-01,Other,emp468@company.com,9895564277,Legal,Paralegal,2019-08-23,68750.0,Active,EMP0019,ABCDE2111F,
EMP0469,Employee_469,57,1967-11-11,Other,emp469@company.com,9825278911,Finance,Finance Manager,2020-09-06,67457.0,Active,EMP0037,ABCDE1477F,
EMP0470,Employee_470,43,1981-08-26,Male,emp470@company.com,9874304823,Legal,Compliance Officer,2017-03-05,134291.0,Active,EMP0031,ABCDE8546F,
EMP0471,Employee_471,48,1976-05-19,Female,emp471@company.com,9879937264,Legal,Legal Manager,2020-03-09,146607.0,Active,EMP0036,ABCDE4412F,
EMP0472,Employee_472,44,1980-01-11,Other,emp472@company.com,9847642707,Sales,Sales Manager,2023-12-19,33678.0,On Leave,EMP0035,ABCDE7382F,
EMP0473,Employee_473,41,1983-05-14,Male,emp473@company.com,9814245067,HR,HR Executive,2023-10-10,117440.0,Active,EMP0024,ABCDE5958F,
EMP0474,Employee_474,29,1995-02-15,Female,emp474@company.com,9837125189,HR,Recruiter,2016-12-17,74049.0,Active,EMP0033,ABCDE6572F,
EMP0475,Employee_475,42,1982-09-22,Male,emp475@company.com,9823187101,Marketing,SEO Analyst,2023-09-12,43781.0,On Leave,EMP0047,,
EMP0476,Employee_476,41,1983-02-11,Male,,9889763928,,Marketing Executive,2015-01-17,-147203.0,Active,EMP0007,ABCDE6119F,
EMP0477,Employee_477,35,1989-05-18,Female,emp477@company.com,9848462422,Engineering,Tech Lead,2022-03-01,67058.0,Active,EMP0043,ABCDE3446F,
EMP0478,Employee_478,22,2002-04-18,Female,emp478@company.com,9823740579,HR,Recruiter,2016-04-13,106650.0,Active,EMP0018,ABCDE5641F,
EMP0479,Employee_479,26,1998-09-15,Male,emp479@company.com,9855464764,Sales,Account Manager,2016-12-02,65812.0,Active,EMP0031,ABCDE1826F,
EMP0480,Employee_480,27,1997-10-21,Other,emp480@company.com,9890010054,Engineering,QA Analyst,2015-08-09,80897.0,Inactive,EMP0029,ABCDE6119F,2023-11-12
EMP0481,Employee_481,56,1968-10-05,Other,emp481@company.com,9872504573,Legal,Compliance Officer,2022-12-30,35295.0,Active,EMP0030,,
EMP0482,Employee_482,36,1988-05-12,Other,emp482@company.com,9892804565,Finance,Auditor,2020-04-11,149183.0,Active,EMP0043,ABCDE6320F,
EMP0483,Employee_483,26,1998-08-28,Female,emp483@company.com,9874243595,Marketing,Brand Manager,2015-05-04,87303.0,Active,EMP0039,ABCDE9322F,
EMP0484,Employee_484,28,1996-05-18,Other,emp484@company.com,9819519256,Engineering,QA Analyst,2023-01-04,67712.0,Active,EMP0027,ABCDE4992F,
EMP0485,Employee_485,46,1978-07-26,Other,emp485@company.com,9889318677,Sales,Account Manager,2020-05-29,33658.0,On Leave,EMP0022,ABCDE4869F,
EMP0486,Employee_486,58,1966-10-15,Male,emp486@company.com,9889478790,HR,HR Executive,2023-04-17,134674.0,Active,EMP0029,ABCDE7648F,
EMP0487,Employee_487,46,1978-01-03,Male,emp487@company.com,9898605814,Engineering,Software Engineer,2022-09-08,67914.0,Active,EMP0038,ABCDE1003F,
EMP0488,Employee_488,31,1993-10-19,Male,emp488@company.com,9862342586,Legal,Compliance Officer,2022-05-30,84372.0,Active,EMP0044,ABCDE5910F,
EMP0489,Employee_489,44,1980-09-13,Female,emp489@company.com,9892072899,Sales,Sales Manager,2019-11-16,36703.0,Inactive,EMP0004,ABCDE9992F,2022-04-19
EMP0490,Employee_490,40,1984-12-19,Female,,9867943873,,Tech Lead,2016-03-25,,Active,EMP0046,ABCDE7251F,
EMP0491,Employee_491,33,1991-07-27,Female,emp491@company.com,9884547422,Marketing,Content Writer,2022-06-06,87242.0,On Leave,EMP0010,ABCDE3056F,
EMP0492,Employee_492,23,2001-11-14,Male,emp492@company.com,9875323947,HR,HR Executive,2015-10-21,43873.0,On Leave,EMP0006,ABCDE7813F,
EMP0493,Employee_493,49,1975-07-18,Female,emp493@company.com,9878372512,Legal,Paralegal,2023-11-06,106690.0,Inactive,EMP0023,ABCDE7959F,2025-05-23
EMP0494,Employee_494,37,1987-09-19,Male,emp494@company.com,9865141717,Engineering,QA Analyst,2023-03-13,118340.0,Active,EMP0037,ABCDE7038F,
EMP0495,Employee_495,27,1997-05-15,Other,emp495@company.com,9880653292,Engineering,QA Analyst,2022-09-29,43623.0,Active,EMP0040,,
EMP0496,Employee_496,56,1968-01-11,Male,emp496@company.com,9892280717,Marketing,Marketing Executive,2022-09-02,129608.0,Active,EMP0031,ABCDE8687F,
EMP0497,Employee_497,44,1980-01-23,Other,emp497@company.com,9832482565,Sales,Sales Manager,2019-09-21,129624.0,On Leave,EMP0020,ABCDE5267F,
EMP0498,Employee_498,32,1992-12-20,Female,not_an_email,9849158452,,QA Analyst,2021-06-26,-100085.0,Active,EMP0006,ABCDE2259F,
EMP0499,Employee_499,30,1994-01-24,Male,emp499@company.com,9844488013,Legal,Legal Manager,2017-10-29,105713.0,Active,EMP0038,ABCDE8317F,
EMP0500,Employee_500,37,1987-01-11,Male,emp500@company.com,9880784933,Finance,Accountant,2017-12-06,88559.0,On Leave,EMP0039,ABCDE3525F,
